asset_type_id,asset_type_name,business_type,target_maturity_score,target_s,target_t,target_o,target_m,target_r,gap_threshold_critical,action_route_default,weights_s,weights_t,weights_o,weights_m,weights_r
3,برند و علائم تجاری,manufacturing,3.96,4.2,3.8,4.0,4.0,3.8,1.5,DEV,0.2,0.1,0.3,0.3,0.1
3,برند و علائم تجاری,service,4.2,4.5,3.8,4.2,4.5,4.0,1.2,DEV,0.2,0.1,0.2,0.4,0.1
3,برند و علائم تجاری,rto,3.98,4.3,4.0,3.9,3.8,3.9,1.3,DEV,0.2,0.2,0.2,0.25,0.15
3,برند و علائم تجاری,holding,4.16,4.5,3.8,4.0,4.3,4.2,1.1,DEV,0.3,0.1,0.2,0.25,0.15
4,قراردادهای بلندمدت,manufacturing,3.96,4.2,3.8,4.0,4.0,3.8,1.5,DEV,0.2,0.1,0.3,0.3,0.1
4,قراردادهای بلندمدت,service,4.2,4.5,3.8,4.2,4.5,4.0,1.2,DEV,0.2,0.1,0.2,0.4,0.1
4,قراردادهای بلندمدت,rto,3.98,4.3,4.0,3.9,3.8,3.9,1.3,DEV,0.2,0.2,0.2,0.25,0.15
4,قراردادهای بلندمدت,holding,4.16,4.5,3.8,4.0,4.3,4.2,1.1,DEV,0.3,0.1,0.2,0.25,0.15
5,مدل کسب‌وکار مستند,manufacturing,3.96,4.2,3.8,4.0,4.0,3.8,1.5,DEV,0.2,0.1,0.3,0.3,0.1
5,مدل کسب‌وکار مستند,service,4.2,4.5,3.8,4.2,4.5,4.0,1.2,DEV,0.2,0.1,0.2,0.4,0.1
5,مدل کسب‌وکار مستند,rto,3.98,4.3,4.0,3.9,3.8,3.9,1.3,DEV,0.2,0.2,0.2,0.25,0.15
5,مدل کسب‌وکار مستند,holding,4.16,4.5,3.8,4.0,4.3,4.2,1.1,DEV,0.3,0.1,0.2,0.25,0.15
6,فرمول و الگوریتم اختصاصی,manufacturing,3.96,4.2,3.8,4.0,4.0,3.8,1.5,DEV,0.2,0.1,0.3,0.3,0.1
6,فرمول و الگوریتم اختصاصی,service,4.2,4.5,3.8,4.2,4.5,4.0,1.2,DEV,0.2,0.1,0.2,0.4,0.1
6,فرمول و الگوریتم اختصاصی,rto,3.98,4.3,4.0,3.9,3.8,3.9,1.3,DEV,0.2,0.2,0.2,0.25,0.15
6,فرمول و الگوریتم اختصاصی,holding,4.16,4.5,3.8,4.0,4.3,4.2,1.1,DEV,0.3,0.1,0.2,0.25,0.15
98,شهرت تجاری (Goodwill),manufacturing,3.96,4.2,3.8,4.0,4.0,3.8,1.5,DEV,0.2,0.1,0.3,0.3,0.1
98,شهرت تجاری (Goodwill),service,4.2,4.5,3.8,4.2,4.5,4.0,1.2,DEV,0.2,0.1,0.2,0.4,0.1
98,شهرت تجاری (Goodwill),rto,3.98,4.3,4.0,3.9,3.8,3.9,1.3,DEV,0.2,0.2,0.2,0.25,0.15
98,شهرت تجاری (Goodwill),holding,4.16,4.5,3.8,4.0,4.3,4.2,1.1,DEV,0.3,0.1,0.2,0.25,0.15
7,پورتفولیوی مشتریان,manufacturing,3.96,4.2,3.8,4.0,4.0,3.8,1.5,DEV,0.2,0.1,0.3,0.3,0.1
7,پورتفولیوی مشتریان,service,4.2,4.5,3.8,4.2,4.5,4.0,1.2,DEV,0.2,0.1,0.2,0.4,0.1
7,پورتفولیوی مشتریان,rto,3.98,4.3,4.0,3.9,3.8,3.9,1.3,DEV,0.2,0.2,0.2,0.25,0.15
7,پورتفولیوی مشتریان,holding,4.16,4.5,3.8,4.0,4.3,4.2,1.1,DEV,0.3,0.1,0.2,0.25,0.15
8,شبکه شراکت استراتژیک,manufacturing,3.96,4.2,3.8,4.0,4.0,3.8,1.5,DEV,0.2,0.1,0.3,0.3,0.1
8,شبکه شراکت استراتژیک,service,4.2,4.5,3.8,4.2,4.5,4.0,1.2,DEV,0.2,0.1,0.2,0.4,0.1
8,شبکه شراکت استراتژیک,rto,3.98,4.3,4.0,3.9,3.8,3.9,1.3,DEV,0.2,0.2,0.2,0.25,0.15
8,شبکه شراکت استراتژیک,holding,4.16,4.5,3.8,4.0,4.3,4.2,1.1,DEV,0.3,0.1,0.2,0.25,0.15
11,پروتکل همکاری دانشگاه/دولت,manufacturing,3.96,4.2,3.8,4.0,4.0,3.8,1.5,DEV,0.2,0.1,0.3,0.3,0.1
11,پروتکل همکاری دانشگاه/دولت,service,4.2,4.5,3.8,4.2,4.5,4.0,1.2,DEV,0.2,0.1,0.2,0.4,0.1
11,پروتکل همکاری دانشگاه/دولت,rto,3.98,4.3,4.0,3.9,3.8,3.9,1.3,DEV,0.2,0.2,0.2,0.25,0.15
11,پروتکل همکاری دانشگاه/دولت,holding,4.16,4.5,3.8,4.0,4.3,4.2,1.1,DEV,0.3,0.1,0.2,0.25,0.15
14,پتنت و ثبت اختراع,manufacturing,3.96,4.2,3.8,4.0,4.0,3.8,1.5,DEV,0.2,0.1,0.3,0.3,0.1
14,پتنت و ثبت اختراع,service,4.2,4.5,3.8,4.2,4.5,4.0,1.2,DEV,0.2,0.1,0.2,0.4,0.1
14,پتنت و ثبت اختراع,rto,3.98,4.3,4.0,3.9,3.8,3.9,1.3,DEV,0.2,0.2,0.2,0.25,0.15
14,پتنت و ثبت اختراع,holding,4.16,4.5,3.8,4.0,4.3,4.2,1.1,DEV,0.3,0.1,0.2,0.25,0.15
18,دانش فنی و اسرار تجاری,manufacturing,3.96,4.2,3.8,4.0,4.0,3.8,1.5,DEV,0.2,0.1,0.3,0.3,0.1
18,دانش فنی و اسرار تجاری,service,4.2,4.5,3.8,4.2,4.5,4.0,1.2,DEV,0.2,0.1,0.2,0.4,0.1
18,دانش فنی و اسرار تجاری,rto,3.98,4.3,4.0,3.9,3.8,3.9,1.3,DEV,0.2,0.2,0.2,0.25,0.15
18,دانش فنی و اسرار تجاری,holding,4.16,4.5,3.8,4.0,4.3,4.2,1.1,DEV,0.3,0.1,0.2,0.25,0.15
19,پایگاه داده تحلیلی,manufacturing,3.96,4.2,3.8,4.0,4.0,3.8,1.5,DEV,0.2,0.1,0.3,0.3,0.1
19,پایگاه داده تحلیلی,service,4.2,4.5,3.8,4.2,4.5,4.0,1.2,DEV,0.2,0.1,0.2,0.4,0.1
19,پایگاه داده تحلیلی,rto,3.98,4.3,4.0,3.9,3.8,3.9,1.3,DEV,0.2,0.2,0.2,0.25,0.15
19,پایگاه داده تحلیلی,holding,4.16,4.5,3.8,4.0,4.3,4.2,1.1,DEV,0.3,0.1,0.2,0.25,0.15
32,فرآیندها و SOP,manufacturing,3.96,4.2,3.8,4.0,4.0,3.8,1.5,DEV,0.2,0.1,0.3,0.3,0.1
32,فرآیندها و SOP,service,4.2,4.5,3.8,4.2,4.5,4.0,1.2,DEV,0.2,0.1,0.2,0.4,0.1
32,فرآیندها و SOP,rto,3.98,4.3,4.0,3.9,3.8,3.9,1.3,DEV,0.2,0.2,0.2,0.25,0.15
32,فرآیندها و SOP,holding,4.16,4.5,3.8,4.0,4.3,4.2,1.1,DEV,0.3,0.1,0.2,0.25,0.15
15,نرم‌افزار و کد اختصاصی,manufacturing,3.96,4.2,3.8,4.0,4.0,3.8,1.5,DEV,0.2,0.1,0.3,0.3,0.1
15,نرم‌افزار و کد اختصاصی,service,4.2,4.5,3.8,4.2,4.5,4.0,1.2,DEV,0.2,0.1,0.2,0.4,0.1
15,نرم‌افزار و کد اختصاصی,rto,3.98,4.3,4.0,3.9,3.8,3.9,1.3,DEV,0.2,0.2,0.2,0.25,0.15
15,نرم‌افزار و کد اختصاصی,holding,4.16,4.5,3.8,4.0,4.3,4.2,1.1,DEV,0.3,0.1,0.2,0.25,0.15
70,لایسنس و مجوز قانونی,manufacturing,3.96,4.2,3.8,4.0,4.0,3.8,1.5,DEV,0.2,0.1,0.3,0.3,0.1
70,لایسنس و مجوز قانونی,service,4.2,4.5,3.8,4.2,4.5,4.0,1.2,DEV,0.2,0.1,0.2,0.4,0.1
70,لایسنس و مجوز قانونی,rto,3.98,4.3,4.0,3.9,3.8,3.9,1.3,DEV,0.2,0.2,0.2,0.25,0.15
70,لایسنس و مجوز قانونی,holding,4.16,4.5,3.8,4.0,4.3,4.2,1.1,DEV,0.3,0.1,0.2,0.25,0.15
85,فرهنگ و مدیریت دانش,manufacturing,3.96,4.2,3.8,4.0,4.0,3.8,1.5,DEV,0.2,0.1,0.3,0.3,0.1
85,فرهنگ و مدیریت دانش,service,4.2,4.5,3.8,4.2,4.5,4.0,1.2,DEV,0.2,0.1,0.2,0.4,0.1
85,فرهنگ و مدیریت دانش,rto,3.98,4.3,4.0,3.9,3.8,3.9,1.3,DEV,0.2,0.2,0.2,0.25,0.15
85,فرهنگ و مدیریت دانش,holding,4.16,4.5,3.8,4.0,4.3,4.2,1.1,DEV,0.3,0.1,0.2,0.25,0.15
26,شبکههای اجتماعی سازمانی,manufacturing,3.96,4.2,3.8,4.0,4.0,3.8,1.5,DEV,0.2,0.1,0.3,0.3,0.1
26,شبکههای اجتماعی سازمانی,service,4.2,4.5,3.8,4.2,4.5,4.0,1.2,DEV,0.2,0.1,0.2,0.4,0.1
26,شبکههای اجتماعی سازمانی,rto,3.98,4.3,4.0,3.9,3.8,3.9,1.3,DEV,0.2,0.2,0.2,0.25,0.15
26,شبکههای اجتماعی سازمانی,holding,4.16,4.5,3.8,4.0,4.3,4.2,1.1,DEV,0.3,0.1,0.2,0.25,0.15
30,اعتبارات کربنی,manufacturing,3.96,4.2,3.8,4.0,4.0,3.8,1.5,DEV,0.2,0.1,0.3,0.3,0.1
30,اعتبارات کربنی,service,4.2,4.5,3.8,4.2,4.5,4.0,1.2,DEV,0.2,0.1,0.2,0.4,0.1
30,اعتبارات کربنی,rto,3.98,4.3,4.0,3.9,3.8,3.9,1.3,DEV,0.2,0.2,0.2,0.25,0.15
30,اعتبارات کربنی,holding,4.16,4.5,3.8,4.0,4.3,4.2,1.1,DEV,0.3,0.1,0.2,0.25,0.15
31,برنامه اقتصاد گردشی,manufacturing,3.96,4.2,3.8,4.0,4.0,3.8,1.5,DEV,0.2,0.1,0.3,0.3,0.1
31,برنامه اقتصاد گردشی,service,4.2,4.5,3.8,4.2,4.5,4.0,1.2,DEV,0.2,0.1,0.2,0.4,0.1
31,برنامه اقتصاد گردشی,rto,3.98,4.3,4.0,3.9,3.8,3.9,1.3,DEV,0.2,0.2,0.2,0.25,0.15
31,برنامه اقتصاد گردشی,holding,4.16,4.5,3.8,4.0,4.3,4.2,1.1,DEV,0.3,0.1,0.2,0.25,0.15
33,الگوریتمهای قیمتگذاری پویا,manufacturing,3.96,4.2,3.8,4.0,4.0,3.8,1.5,DEV,0.2,0.1,0.3,0.3,0.1
33,الگوریتمهای قیمتگذاری پویا,service,4.2,4.5,3.8,4.2,4.5,4.0,1.2,DEV,0.2,0.1,0.2,0.4,0.1
33,الگوریتمهای قیمتگذاری پویا,rto,3.98,4.3,4.0,3.9,3.8,3.9,1.3,DEV,0.2,0.2,0.2,0.25,0.15
33,الگوریتمهای قیمتگذاری پویا,holding,4.16,4.5,3.8,4.0,4.3,4.2,1.1,DEV,0.3,0.1,0.2,0.25,0.15
34,اتوماسیون فرآیندها,manufacturing,3.96,4.2,3.8,4.0,4.0,3.8,1.5,DEV,0.2,0.1,0.3,0.3,0.1
34,اتوماسیون فرآیندها,service,4.2,4.5,3.8,4.2,4.5,4.0,1.2,DEV,0.2,0.1,0.2,0.4,0.1
34,اتوماسیون فرآیندها,rto,3.98,4.3,4.0,3.9,3.8,3.9,1.3,DEV,0.2,0.2,0.2,0.25,0.15
34,اتوماسیون فرآیندها,holding,4.16,4.5,3.8,4.0,4.3,4.2,1.1,DEV,0.3,0.1,0.2,0.25,0.15
35,قراردادهای فعال زنجیره تأمین,manufacturing,3.96,4.2,3.8,4.0,4.0,3.8,1.5,DEV,0.2,0.1,0.3,0.3,0.1
35,قراردادهای فعال زنجیره تأمین,service,4.2,4.5,3.8,4.2,4.5,4.0,1.2,DEV,0.2,0.1,0.2,0.4,0.1
35,قراردادهای فعال زنجیره تأمین,rto,3.98,4.3,4.0,3.9,3.8,3.9,1.3,DEV,0.2,0.2,0.2,0.25,0.15
35,قراردادهای فعال زنجیره تأمین,holding,4.16,4.5,3.8,4.0,4.3,4.2,1.1,DEV,0.3,0.1,0.2,0.25,0.15
37,ابزارهای تست A/B,manufacturing,3.96,4.2,3.8,4.0,4.0,3.8,1.5,DEV,0.2,0.1,0.3,0.3,0.1
37,ابزارهای تست A/B,service,4.2,4.5,3.8,4.2,4.5,4.0,1.2,DEV,0.2,0.1,0.2,0.4,0.1
37,ابزارهای تست A/B,rto,3.98,4.3,4.0,3.9,3.8,3.9,1.3,DEV,0.2,0.2,0.2,0.25,0.15
37,ابزارهای تست A/B,holding,4.16,4.5,3.8,4.0,4.3,4.2,1.1,DEV,0.3,0.1,0.2,0.25,0.15
44,داشبوردهای مدیریتی,manufacturing,3.96,4.2,3.8,4.0,4.0,3.8,1.5,DEV,0.2,0.1,0.3,0.3,0.1
44,داشبوردهای مدیریتی,service,4.2,4.5,3.8,4.2,4.5,4.0,1.2,DEV,0.2,0.1,0.2,0.4,0.1
44,داشبوردهای مدیریتی,rto,3.98,4.3,4.0,3.9,3.8,3.9,1.3,DEV,0.2,0.2,0.2,0.25,0.15
44,داشبوردهای مدیریتی,holding,4.16,4.5,3.8,4.0,4.3,4.2,1.1,DEV,0.3,0.1,0.2,0.25,0.15
45,دانشنامه/ویکی داخلی,manufacturing,3.96,4.2,3.8,4.0,4.0,3.8,1.5,DEV,0.2,0.1,0.3,0.3,0.1
45,دانشنامه/ویکی داخلی,service,4.2,4.5,3.8,4.2,4.5,4.0,1.2,DEV,0.2,0.1,0.2,0.4,0.1
45,دانشنامه/ویکی داخلی,rto,3.98,4.3,4.0,3.9,3.8,3.9,1.3,DEV,0.2,0.2,0.2,0.25,0.15
45,دانشنامه/ویکی داخلی,holding,4.16,4.5,3.8,4.0,4.3,4.2,1.1,DEV,0.3,0.1,0.2,0.25,0.15
60,سیستم حل اختلافات با تأمینکنندگان,manufacturing,3.96,4.2,3.8,4.0,4.0,3.8,1.5,DEV,0.2,0.1,0.3,0.3,0.1
60,سیستم حل اختلافات با تأمینکنندگان,service,4.2,4.5,3.8,4.2,4.5,4.0,1.2,DEV,0.2,0.1,0.2,0.4,0.1
60,سیستم حل اختلافات با تأمینکنندگان,rto,3.98,4.3,4.0,3.9,3.8,3.9,1.3,DEV,0.2,0.2,0.2,0.25,0.15
60,سیستم حل اختلافات با تأمینکنندگان,holding,4.16,4.5,3.8,4.0,4.3,4.2,1.1,DEV,0.3,0.1,0.2,0.25,0.15
65,سیستمهای ERP/CRM اختصاصی,manufacturing,3.96,4.2,3.8,4.0,4.0,3.8,1.5,DEV,0.2,0.1,0.3,0.3,0.1
65,سیستمهای ERP/CRM اختصاصی,service,4.2,4.5,3.8,4.2,4.5,4.0,1.2,DEV,0.2,0.1,0.2,0.4,0.1
65,سیستمهای ERP/CRM اختصاصی,rto,3.98,4.3,4.0,3.9,3.8,3.9,1.3,DEV,0.2,0.2,0.2,0.25,0.15
65,سیستمهای ERP/CRM اختصاصی,holding,4.16,4.5,3.8,4.0,4.3,4.2,1.1,DEV,0.3,0.1,0.2,0.25,0.15
66,پایگاه داده مشتریان,manufacturing,3.96,4.2,3.8,4.0,4.0,3.8,1.5,DEV,0.2,0.1,0.3,0.3,0.1
66,پایگاه داده مشتریان,service,4.2,4.5,3.8,4.2,4.5,4.0,1.2,DEV,0.2,0.1,0.2,0.4,0.1
66,پایگاه داده مشتریان,rto,3.98,4.3,4.0,3.9,3.8,3.9,1.3,DEV,0.2,0.2,0.2,0.25,0.15
66,پایگاه داده مشتریان,holding,4.16,4.5,3.8,4.0,4.3,4.2,1.1,DEV,0.3,0.1,0.2,0.25,0.15
67,ابزارهای BI و شبیهسازی,manufacturing,3.96,4.2,3.8,4.0,4.0,3.8,1.5,DEV,0.2,0.1,0.3,0.3,0.1
67,ابزارهای BI و شبیهسازی,service,4.2,4.5,3.8,4.2,4.5,4.0,1.2,DEV,0.2,0.1,0.2,0.4,0.1
67,ابزارهای BI و شبیهسازی,rto,3.98,4.3,4.0,3.9,3.8,3.9,1.3,DEV,0.2,0.2,0.2,0.25,0.15
67,ابزارهای BI و شبیهسازی,holding,4.16,4.5,3.8,4.0,4.3,4.2,1.1,DEV,0.3,0.1,0.2,0.25,0.15
77,سیستمهای KMS و مدیریت دانش,manufacturing,3.96,4.2,3.8,4.0,4.0,3.8,1.5,DEV,0.2,0.1,0.3,0.3,0.1
77,سیستمهای KMS و مدیریت دانش,service,4.2,4.5,3.8,4.2,4.5,4.0,1.2,DEV,0.2,0.1,0.2,0.4,0.1
77,سیستمهای KMS و مدیریت دانش,rto,3.98,4.3,4.0,3.9,3.8,3.9,1.3,DEV,0.2,0.2,0.2,0.25,0.15
77,سیستمهای KMS و مدیریت دانش,holding,4.16,4.5,3.8,4.0,4.3,4.2,1.1,DEV,0.3,0.1,0.2,0.25,0.15
105,سیستم مدیریت اختلافات,manufacturing,3.96,4.2,3.8,4.0,4.0,3.8,1.5,DEV,0.2,0.1,0.3,0.3,0.1
105,سیستم مدیریت اختلافات,service,4.2,4.5,3.8,4.2,4.5,4.0,1.2,DEV,0.2,0.1,0.2,0.4,0.1
105,سیستم مدیریت اختلافات,rto,3.98,4.3,4.0,3.9,3.8,3.9,1.3,DEV,0.2,0.2,0.2,0.25,0.15
105,سیستم مدیریت اختلافات,holding,4.16,4.5,3.8,4.0,4.3,4.2,1.1,DEV,0.3,0.1,0.2,0.25,0.15
